variant	pair	bleu	chrfpp	xcomet_xl	tok_per_sec	latency_ms	elapsed_s	peak_vram_gb	n_examples
fp16	eng_Latn-spa_Latn	28.81	54.32	0.9113	1141.2	55.9	5.591	17.85	100
fp16	eng_Latn-fra_Latn	46.52	66.17	0.8780	1179.6	62.6	6.256	17.88	100
fp16	spa_Latn-fra_Latn	32.54	56.09	0.8953	1121.1	70.6	7.058	18.50	100
bnb_int8	eng_Latn-spa_Latn	28.59	53.95	0.9093	264.9	239.0	23.900	17.50	100
bnb_int8	eng_Latn-fra_Latn	45.78	65.82	0.8712	262.5	281.7	28.173	17.54	100
bnb_int8	spa_Latn-fra_Latn	32.88	56.20	0.8978	265.5	296.1	29.614	18.16	100
bnb_nf4	eng_Latn-spa_Latn	27.88	53.55	0.9093	369.5	172.7	17.266	17.33	100
bnb_nf4	eng_Latn-fra_Latn	46.05	65.77	0.8663	405.5	180.0	18.002	17.37	100
bnb_nf4	spa_Latn-fra_Latn	31.72	55.02	0.8876	403.7	192.9	19.290	17.98	100
